{"cameraMode":{"drawMode":0,"name":"Shaded","section":"Shading Mode"},"sceneLighting":false,"audioPlay":false,"sceneViewState":{"m_AlwaysRefresh":false,"showFog":true,"showSkybox":false,"showFlares":true,"showImageEffects":true,"showParticleSystems":true,"showVisualEffectGraphs":true,"m_FxEnabled":true},"in2DMode":false,"pivot":{"x":-0.3008236885070801,"y":1.0547155141830445,"z":-0.12619757652282716},"rotation":{"x":-0.04765413701534271,"y":-0.7153112292289734,"z":-0.020088868215680124,"w":0.7002558708190918},"size":3.0769429206848146,"orthographic":false}